{
  "class_name": "PinholeCameraParameters",
  "extrinsic": [
    0.99992142434221332,
    -0.0027909668987783128,
    0.012221114728593253,
    0.0,
    0.0028271689109288208,
    -0.89957602580573448,
    -0.4367550582552075,
    0.0,
    0.012212790728928124,
    0.43675529109483097,
    -0.89949745049292995,
    0.0,
    -0.1521526510676976,
    0.0018255361598838449,
    1.0208679874594726,
    1.0
  ],
  "intrinsic": {
    "height": 1080,
    "intrinsic_matrix": [
      935.30743608719399,
      0.0,
      0.0,
      0.0,
      935.30743608719399,
      0.0,
      959.5,
      539.5,
      1.0
    ],
    "width": 1920
  },
  "version_major": 1,
  "version_minor": 0
}